daily_vaccinations,daily_vaccinations_per_million,daily_vaccinations_raw,date,distributed_per_hundred,people_fully_vaccinated,people_fully_vaccinated_per_hundred,people_vaccinated,people_vaccinated_per_hundred,share_doses_used,total_distributed,total_vaccinations,total_vaccinations_per_hundred
13361.0,1938.0,13361.0,2021-01-13,9.53,24789.0,0.36,192619.0,2.79,0.331,656850.0,217443.0,3.15
14697.0,2132.0,16033.0,2021-01-14,9.71,29837.0,0.435,204481.0,2.97,0.349,669225.0,233476.0,3.39
17698.0,2568.0,23699.0,2021-01-15,9.71,34885.0,0.51,222109.0,3.22,0.384,669325.0,257175.0,3.73
17130.0,2485.0,21281.8,2021-01-16,9.71,36427.0,0.5325,235984.75,3.4225000000000003,0.40700000000000003,669325.0,272600.5,3.955
16789.0,2436.0,18864.6,2021-01-17,9.71,37969.0,0.5549999999999999,249860.5,3.625,0.43,669325.0,288026.0,4.18
16562.0,2403.0,16447.4,2021-01-18,9.71,39511.0,0.5775,263736.25,3.8275,0.45299999999999996,669325.0,303451.5,4.405
16399.0,2379.0,14030.2,2021-01-19,9.71,41053.0,0.6,277612.0,4.03,0.476,669325.0,318877.0,4.63
16150.0,2343.0,11613.0,2021-01-20,10.7,42062.0,0.61,288209.0,4.18,0.448,737550.0,330490.0,4.79
17092.0,2480.0,22627.0,2021-01-21,11.26,46247.0,0.67,306646.0,4.45,0.455,776400.0,353117.0,5.12
16207.0,2351.0,17510.0,2021-01-22,12.4,51662.0,0.75,318630.0,4.62,0.434,854950.0,370627.0,5.38
17195.0,2495.0,22340.0,2021-01-23,12.47,57869.0,0.84,334514.0,4.85,0.457,859175.0,392967.0,5.7
18826.0,2731.0,26839.0,2021-01-24,12.47,63096.0,0.92,356102.0,5.17,0.489,859175.0,419806.0,6.09
18595.0,2698.0,13809.0,2021-01-25,12.47,64648.0,0.94,368358.0,5.34,0.505,859175.0,433615.0,6.29
17689.0,2566.0,9088.0,2021-01-26,12.71,65761.0,0.95,376313.0,5.46,0.505,875825.0,442703.0,6.42
19112.0,2773.0,21572.0,2021-01-27,13.88,73152.0,1.06,390470.0,5.67,0.485,956800.0,464275.0,6.74
19602.0,2844.0,26057.0,2021-01-28,14.78,83637.0,1.21,406024.0,5.89,0.481,1018975.0,490332.0,7.11
21411.0,3106.0,30172.0,2021-01-29,15.34,96373.0,1.4,422803.0,6.13,0.492,1057000.0,520504.0,7.55
22016.0,3194.0,26578.0,2021-01-30,15.39,106799.0,1.55,438852.0,6.37,0.516,1060900.0,547082.0,7.94
22768.0,3303.0,32099.0,2021-01-31,15.39,116315.0,1.69,461408.0,6.69,0.546,1060900.0,579181.0,8.4
25047.0,3634.0,29766.0,2021-02-01,15.39,122652.0,1.78,484829.0,7.03,0.574,1060900.0,608947.0,8.83
26111.0,3788.0,16530.0,2021-02-02,15.09,126560.0,1.84,497445.0,7.22,0.602,1039775.0,625477.0,9.07
23029.0,3341.0,0.0,2021-02-03,16.78,126560.0,1.84,497445.0,7.22,0.541,1156375.0,625477.0,9.07
23228.0,3370.0,27452.0,2021-02-04,17.83,134311.0,1.95,517135.0,7.5,0.531,1229075.0,652929.0,9.47
23510.0,3411.0,32145.0,2021-02-05,18.1,143690.0,2.08,539877.0,7.83,0.549,1247600.0,685074.0,9.94
25720.0,3732.0,42046.0,2021-02-06,18.1,153692.0,2.23,571853.0,8.3,0.583,1247600.0,727120.0,10.55
28727.0,4168.0,53148.0,2021-02-07,18.1,169148.0,2.45,609483.0,8.84,0.625,1247600.0,780268.0,11.32
28204.0,4092.0,26108.0,2021-02-08,18.1,174437.0,2.53,630154.0,9.14,0.646,1247600.0,806376.0,11.7
29538.0,4286.0,25866.0,2021-02-09,18.48,181280.0,2.63,649131.0,9.42,0.653,1273975.0,832242.0,12.07
36924.0,5357.0,51703.0,2021-02-10,20.22,194968.0,2.83,687093.0,9.97,0.634,1393725.0,883945.0,12.82
38812.0,5631.0,40667.0,2021-02-11,20.97,207392.0,3.01,715308.0,10.38,0.64,1445425.0,924612.0,13.41
39662.0,5754.0,38099.0,2021-02-12,21.75,218795.0,3.17,741746.0,10.76,0.642,1499450.0,962711.0,13.97
40349.0,5854.0,46849.0,2021-02-13,21.8,235910.0,3.42,771430.0,11.19,0.672,1502725.0,1009560.0,14.65
43617.0,6328.0,76024.0,2021-02-14,21.81,259760.0,3.77,823429.0,11.95,0.722,1502925.0,1085584.0,15.75
44264.0,6422.0,58528.66666666667,2021-02-15,21.91,270191.0,3.92,843617.5,12.239999999999998,0.739,1510150.0,1116222.0,16.195
44945.0,6521.0,41033.333333333336,2021-02-16,22.01,280622.0,4.07,863806.0,12.53,0.756,1517375.0,1146860.0,16.64
40922.0,5937.0,23538.0,2021-02-17,22.14,288309.0,4.18,879627.0,12.76,0.767,1526150.0,1170398.0,16.98
41458.0,6015.0,44423.0,2021-02-18,22.14,299871.0,4.35,912258.0,13.24,0.796,1526150.0,1214821.0,17.63
50527.0,7331.0,101581.0,2021-02-19,22.93,326108.0,4.73,987512.0,14.33,0.833,1580500.0,1316402.0,19.1
52268.0,7583.0,59037.0,2021-02-20,25.2,343624.0,4.99,1028490.0,14.92,0.792,1737170.0,1375439.0,19.96
48704.0,7066.0,51073.0,2021-02-21,25.2,367709.0,5.33,1054948.0,15.31,0.821,1737170.0,1426512.0,20.7
50396.0,7312.0,42480.0,2021-02-22,25.2,382100.0,5.54,1070869.0,15.54,0.846,1737170.0,1468992.0,21.31
50460.0,7321.0,31085.0,2021-02-23,25.35,392631.0,5.7,1090809.0,15.83,0.858,1747380.0,1500077.0,21.76
51877.0,7527.0,33457.0,2021-02-24,28.77,407380.0,5.91,1108977.0,16.09,0.773,1982950.0,1533534.0,22.25
51691.0,7500.0,43123.0,2021-02-25,29.38,424922.0,6.16,1133903.0,16.45,0.779,2025060.0,1576657.0,22.87
44151.0,6406.0,48802.0,2021-02-26,30.01,445006.0,6.46,1162144.0,16.86,0.786,2068660.0,1625459.0,23.58
44129.0,6402.0,58882.0,2021-02-27,30.35,471242.0,6.84,1194345.0,17.33,0.805,2091730.0,1684341.0,24.44
44201.0,6413.0,51575.0,2021-02-28,30.35,496356.0,7.2,1220455.0,17.71,0.83,2091730.0,1735916.0,25.19
47791.0,6934.0,67612.0,2021-03-01,30.35,523119.0,7.59,1260542.0,18.29,0.862,2091730.0,1803528.0,26.17
48248.0,7000.0,34288.0,2021-03-02,30.69,538986.0,7.82,1278555.0,18.55,0.869,2115560.0,1837816.0,26.66
50086.0,7267.0,46323.0,2021-03-03,33.31,557064.0,8.08,1306343.0,18.95,0.821,2296020.0,1884139.0,27.34
52052.0,7552.0,56879.0,2021-03-04,34.55,578386.0,8.39,1341520.0,19.46,0.815,2381160.0,1941018.0,28.16
54321.0,7881.0,64690.0,2021-03-05,35.92,605400.0,8.78,1379021.0,20.01,0.81,2476070.0,2005708.0,29.1
56816.0,8243.0,76344.0,2021-03-06,36.23,636626.0,9.24,1423801.0,20.66,0.834,2497130.0,2082052.0,30.21
58920.0,8548.0,66304.0,2021-03-07,36.23,663148.0,9.62,1463301.0,21.23,0.86,2497130.0,2148356.0,31.17
56508.0,8198.0,50730.0,2021-03-08,36.23,695094.0,10.08,1493343.0,21.67,0.881,2497130.0,2199086.0,31.91
55479.0,8049.0,27081.0,2021-03-09,38.56,706965.0,10.26,1510698.0,21.92,0.838,2657570.0,2226167.0,32.3
61397.0,8908.0,87749.0,2021-03-10,39.53,749328.0,10.87,1567359.0,22.74,0.849,2724620.0,2313916.0,33.57
62186.0,9022.0,62406.0,2021-03-11,41.49,776259.0,11.26,1608665.0,23.34,0.831,2859820.0,2376322.0,34.48
62530.0,9072.0,67097.0,2021-03-12,41.52,811452.0,11.77,1650762.0,23.95,0.854,2861490.0,2443419.0,35.45
68528.0,9942.0,118330.0,2021-03-13,41.95,874031.0,12.68,1717752.0,24.92,0.886,2891100.0,2561749.0,37.17
59056.0,8568.0,0.0,2021-03-14,41.95,874199.0,12.68,1718071.0,24.93,0.886,2891100.0,2561749.0,37.17
60226.0,8738.0,58922.0,2021-03-15,41.95,904685.0,13.13,1751693.0,25.41,0.906,2891100.0,2620671.0,38.02
58190.0,8443.0,12827.0,2021-03-16,44.54,911506.0,13.22,1759203.0,25.52,0.858,3069880.0,2633498.0,38.21
56612.0,8214.0,76705.0,2021-03-17,45.83,942557.0,13.68,1805897.0,26.2,0.858,3159090.0,2710203.0,39.32
56746.0,8233.0,63339.0,2021-03-18,47.45,969041.0,14.06,1845302.0,26.77,0.848,3270160.0,2773542.0,40.24
56360.0,8177.0,64399.0,2021-03-19,48.08,994623.0,14.43,1886403.0,27.37,0.856,3314010.0,2837941.0,41.17
49639.0,7202.0,71278.0,2021-03-20,48.2,1021600.0,14.82,1932142.0,28.03,0.876,3321910.0,2909219.0,42.21
58725.0,8520.0,63607.0,2021-03-21,48.2,1044985.0,15.16,1973933.0,28.64,0.895,3321910.0,2972826.0,43.13
58904.0,8546.0,60170.0,2021-03-22,48.2,1069066.0,15.51,2008501.0,29.14,0.913,3321910.0,3032996.0,44.0
61802.0,8967.0,33119.0,2021-03-23,50.64,1084737.0,15.74,2026414.0,29.4,0.878,3490490.0,3066115.0,44.48
60174.0,8730.0,65304.0,2021-03-24,51.62,1110288.0,16.11,2067842.0,30.0,0.88,3557950.0,3131419.0,45.43
60358.0,8757.0,64631.0,2021-03-25,54.74,1137413.0,16.5,2107488.0,30.58,0.847,3773250.0,3196050.0,46.37
61836.0,8971.0,74746.0,2021-03-26,55.81,1166923.0,16.93,2154775.0,31.26,0.85,3846570.0,3270796.0,47.45
62289.0,9037.0,74443.0,2021-03-27,55.84,1196939.0,17.37,2200864.0,31.93,0.869,3848770.0,3345239.0,48.53
64490.0,9357.0,79014.0,2021-03-28,55.84,1227553.0,17.81,2251089.0,32.66,0.89,3848770.0,3424253.0,49.68
66048.0,9583.0,71078.0,2021-03-29,55.84,1256616.0,18.23,2293964.0,33.28,0.908,3848770.0,3495331.0,50.71
67100.0,9735.0,40487.0,2021-03-30,59.74,1275456.0,18.5,2316988.0,33.62,0.859,4117900.0,3535818.0,51.3
68521.0,9941.0,75249.0,2021-03-31,61.96,1307031.0,18.96,2362261.0,34.27,0.846,4270280.0,3611067.0,52.39
69877.0,10138.0,74119.0,2021-04-01,63.79,1341408.0,19.46,2404819.0,34.89,0.838,4396850.0,3685186.0,53.47
71512.0,10375.0,86194.0,2021-04-02,64.72,1377011.0,19.98,2458457.0,35.67,0.845,4461100.0,3771380.0,54.72
74776.0,10849.0,97288.0,2021-04-03,66.8,1416618.0,20.55,2519546.0,36.55,0.84,4604300.0,3868668.0,56.13
77726.0,11277.0,99664.0,2021-04-04,66.8,1458104.0,21.15,2581225.0,37.45,0.862,4604300.0,3968332.0,57.57
78065.0,11326.0,73453.0,2021-04-05,66.8,1487084.0,21.58,2628913.0,38.14,0.878,4604300.0,4041785.0,58.64
77708.0,11274.0,37989.0,2021-04-06,70.97,1500461.0,21.77,2654349.0,38.51,0.834,4891900.0,4079774.0,59.19
78692.0,11417.0,82139.0,2021-04-07,72.57,1538460.0,22.32,2700986.0,39.19,0.832,5001550.0,4161913.0,60.38
80986.0,11750.0,90178.0,2021-04-08,74.47,1580322.0,22.93,2760594.0,40.05,0.828,5132600.0,4252091.0,61.69
82068.0,11907.0,93766.0,2021-04-09,75.62,1627036.0,23.61,2823706.0,40.97,0.834,5211830.0,4345857.0,63.05
84659.0,12283.0,115426.0,2021-04-10,77.35,1687323.0,24.48,2891527.0,41.95,0.837,5331330.0,4461283.0,64.73
85921.0,12466.0,108494.0,2021-04-11,77.35,1738537.0,25.22,2964422.0,43.01,0.857,5331330.0,4569777.0,66.3
87133.0,12642.0,81939.0,2021-04-12,77.35,1779448.0,25.82,3021548.0,43.84,0.873,5331330.0,4651716.0,67.49
89766.0,13024.0,56418.0,2021-04-13,79.72,1803735.0,26.17,3065443.0,44.48,0.857,5494910.0,4708134.0,68.31
91198.0,13231.0,92167.0,2021-04-14,81.39,1849210.0,26.83,3124643.0,45.33,0.856,5610090.0,4800301.0,69.65
91857.0,13327.0,94786.0,2021-04-15,83.69,1892688.0,27.46,3183694.0,46.19,0.849,5768250.0,4895087.0,71.02
92294.0,13390.0,96829.0,2021-04-16,83.82,1934940.0,28.07,3239232.0,47.0,0.864,5777290.0,4991916.0,72.43
88428.0,12830.0,88363.0,2021-04-17,86.58,1976458.0,28.68,3287256.0,47.69,0.851,5967370.0,5080279.0,73.71
85819.0,12451.0,90234.0,2021-04-18,86.58,2021713.0,29.33,3333025.0,48.36,0.866,5967370.0,5170513.0,75.02
84368.0,12241.0,71777.0,2021-04-19,86.58,2058306.0,29.86,3368264.0,48.87,0.878,5967370.0,5242290.0,76.06
83607.0,12130.0,51090.0,2021-04-20,90.23,2079975.0,30.18,3399207.0,49.32,0.851,6219300.0,5293380.0,76.8
81813.0,11870.0,79612.0,2021-04-21,92.31,2116180.0,30.7,3443826.0,49.96,0.844,6362390.0,5372992.0,77.95
81782.0,11865.0,94566.0,2021-04-22,94.6,2156940.0,31.29,3497850.0,50.75,0.839,6520590.0,5467558.0,79.33
81626.0,11843.0,95740.0,2021-04-23,96.1,2201911.0,31.95,3548972.0,51.49,0.84,6623650.0,5563298.0,80.72
84555.0,12268.0,108866.0,2021-04-24,98.24,2255295.0,32.72,3604461.0,52.3,0.838,6771230.0,5672164.0,82.29
86610.0,12566.0,104617.0,2021-04-25,98.24,2306492.0,33.46,3657935.0,53.07,0.853,6771230.0,5776781.0,83.81
87604.0,12710.0,78738.0,2021-04-26,98.24,2346322.0,34.04,3696940.0,53.64,0.865,6771230.0,5855519.0,84.95
88471.0,12836.0,57159.0,2021-04-27,101.26,2374818.0,34.46,3726523.0,54.07,0.847,6979520.0,5912678.0,85.78
89657.0,13008.0,87916.0,2021-04-28,102.27,2418822.0,35.09,3770163.0,54.7,0.851,7048920.0,6000594.0,87.06
88516.0,12842.0,86574.0,2021-04-29,104.26,2461918.0,35.72,3814116.0,55.34,0.847,7186080.0,6087168.0,88.32
87365.0,12675.0,87683.0,2021-04-30,105.98,2506657.0,36.37,3858300.0,55.98,0.845,7304740.0,6174851.0,89.59
86322.0,12524.0,101565.0,2021-05-01,108.23,2558500.0,37.12,3909748.0,56.72,0.841,7459960.0,6276416.0,91.06
84036.0,12192.0,88617.0,2021-05-02,108.23,2608161.0,37.84,3949547.0,57.3,0.853,7459960.0,6365033.0,92.35
78246.0,11352.0,38207.0,2021-05-03,108.23,2630867.0,38.17,3965973.0,57.54,0.858,7459960.0,6403240.0,92.9
75177.0,10907.0,35674.0,2021-05-04,113.06,2655965.0,38.53,3977645.0,57.71,0.826,7792680.0,6438914.0,93.42
70761.0,10266.0,57005.0,2021-05-05,113.38,2691166.0,39.04,4000616.0,58.04,0.831,7814540.0,6495919.0,94.25
71627.0,10392.0,92636.0,2021-05-06,114.27,2745439.0,39.83,4039602.0,58.61,0.837,7875910.0,6588555.0,95.59
73708.0,10694.0,102249.0,2021-05-07,114.93,2808123.0,40.74,4081217.0,59.21,0.845,7921710.0,6690804.0,97.07
72713.0,10550.0,94605.0,2021-05-08,117.07,2869733.0,41.64,4115668.0,59.71,0.841,8068900.0,6785409.0,98.45
70523.0,10232.0,73282.0,2021-05-09,117.07,2919358.0,42.36,4141658.0,60.09,0.85,8068900.0,6858691.0,99.51
75534.0,10959.0,73286.0,2021-05-10,117.07,2962840.0,42.99,4173417.0,60.55,0.859,8068900.0,6931977.0,100.57
78228.0,11350.0,54531.0,2021-05-11,120.45,2999270.0,43.51,4193220.0,60.84,0.842,8302250.0,6986508.0,101.36
78252.0,11353.0,57173.0,2021-05-12,120.99,3041527.0,44.13,4209145.0,61.07,0.845,8339400.0,7043681.0,102.19
73545.0,10670.0,59688.0,2021-05-13,121.56,3087288.0,44.79,4225852.0,61.31,0.848,8378640.0,7103369.0,103.06
66503.0,9649.0,52954.0,2021-05-14,122.39,3126883.0,45.37,4240870.0,61.53,0.848,8435810.0,7156323.0,103.83
62800.0,9111.0,68686.0,2021-05-15,123.67,3173423.0,46.04,4264932.0,61.88,0.848,8523650.0,7225009.0,104.82
62241.0,9030.0,69369.0,2021-05-16,123.67,3215767.0,46.66,4293266.0,62.29,0.856,8523650.0,7294378.0,105.83
59190.0,8588.0,51932.0,2021-05-17,123.67,3243966.0,47.07,4316739.0,62.63,0.862,8523650.0,7346310.0,106.58
55172.0,8005.0,26404.0,2021-05-18,125.53,3259602.0,47.29,4328468.0,62.8,0.852,8651950.0,7372714.0,106.97
53046.0,7696.0,42288.0,2021-05-19,126.09,3286210.0,47.68,4345993.0,63.05,0.853,8690900.0,7415002.0,107.58
54997.0,7979.0,73344.0,2021-05-20,127.54,3333097.0,48.36,4373726.0,63.46,0.852,8790510.0,7488346.0,108.64
56719.0,8229.0,65010.0,2021-05-21,129.64,3374820.0,48.96,4398862.0,63.82,0.845,8935720.0,7553356.0,109.59
59786.0,8674.0,90158.0,2021-05-22,130.11,3430364.0,49.77,4434625.0,64.34,0.852,8968160.0,7643514.0,110.9
57125.0,8288.0,50738.0,2021-05-23,130.11,3463828.0,50.26,4453702.0,64.62,0.858,8968160.0,7694252.0,111.63
54723.0,7939.0,35117.0,2021-05-24,130.11,3483346.0,50.54,4470589.0,64.86,0.862,8968160.0,7729369.0,112.14
54424.0,7896.0,24316.0,2021-05-25,131.06,3499591.0,50.77,4479593.0,64.99,0.858,9032980.0,7753685.0,112.49
54321.0,7881.0,41566.0,2021-05-26,131.27,3528240.0,51.19,4493781.0,65.2,0.862,9047540.0,7795251.0,113.1
51561.0,7481.0,54022.0,2021-05-27,132.24,3566470.0,51.74,4508487.0,65.41,0.861,9114660.0,7849273.0,113.88
50644.0,7348.0,58589.0,2021-05-28,132.46,3604887.0,52.3,4530002.0,65.72,0.866,9129500.0,7907862.0,114.73
45985.0,6672.0,57545.0,2021-05-29,135.06,3645984.0,52.9,4548140.0,65.99,0.856,9309200.0,7965407.0,115.57
45807.0,6646.0,49491.0,2021-05-30,135.06,3678936.0,53.38,4565358.0,66.24,0.861,9309200.0,8014898.0,116.28
44532.0,6461.0,37679.333333333336,2021-05-31,135.06,3694971.5,53.61,4576314.5,66.395,0.864,9309200.0,8041095.5,116.66
44801.0,6500.0,25867.666666666668,2021-06-01,135.06,3711007.0,53.84,4587271.0,66.55,0.867,9309200.0,8067293.0,117.04
40871.0,5930.0,14056.0,2021-06-02,135.67,3718511.0,53.95,4594429.0,66.66,0.864,9351320.0,8081349.0,117.25
37395.0,5425.0,29689.0,2021-06-03,136.33,3740479.0,54.27,4603109.0,66.78,0.863,9396270.0,8111038.0,117.68
34103.0,4948.0,35546.0,2021-06-04,136.48,3763179.0,54.6,4617367.0,66.99,0.866,9406620.0,8146584.0,118.19
31481.0,4567.0,39191.0,2021-06-05,137.56,3787778.0,54.96,4633099.0,67.22,0.863,9481590.0,8185775.0,118.76
38228.0,5546.0,96721.0,2021-06-06,137.56,3854374.0,55.92,4661533.0,67.63,0.874,9481590.0,8282496.0,120.17
39543.0,5737.0,35400.0,2021-06-07,137.56,3879634.0,56.29,4672901.0,67.8,0.877,9481590.0,8317896.0,120.68
38687.0,5613.0,20207.0,2021-06-08,138.08,3894534.0,56.5,4679528.0,67.89,0.876,9517310.0,8338103.0,120.97
40891.0,5933.0,29481.0,2021-06-09,138.13,3915792.0,56.81,4688532.0,68.02,0.879,9520300.0,8367584.0,121.4
41110.0,5964.0,31223.0,2021-06-10,138.23,3937546.0,57.13,4699367.0,68.18,0.882,9527630.0,8398807.0,121.85
36032.0,5228.0,0.0,2021-06-11,138.49,3937985.0,57.13,4699691.0,68.19,0.88,9545460.0,8398807.0,121.85
34996.0,5077.0,31943.0,2021-06-12,138.84,3959058.0,57.44,4712521.0,68.37,0.881,9569230.0,8430750.0,122.32
25290.0,3669.0,28773.0,2021-06-13,138.84,3980438.0,57.75,4721480.0,68.5,0.884,9569230.0,8459523.0,122.74
23595.0,3423.0,23537.0,2021-06-14,138.84,3997313.0,58.0,4729377.0,68.62,0.886,9569230.0,8483060.0,123.08
24462.0,3549.0,26278.0,2021-06-15,138.98,4017847.0,58.29,4736609.0,68.72,0.888,9578900.0,8509338.0,123.46
20278.0,2942.0,192.0,2021-06-16,139.02,4018459.0,58.3,4737042.0,68.73,0.888,9581900.0,8509530.0,123.46
27099.0,3932.0,78973.0,2021-06-17,139.16,4072441.0,59.09,4763233.0,69.11,0.895,9591690.0,8588503.0,124.61
30459.0,4419.0,23515.0,2021-06-18,139.36,4088768.0,59.32,4771271.0,69.22,0.897,9605260.0,8612018.0,124.95
29618.0,4297.0,26059.0,2021-06-19,139.69,4105866.0,59.57,4781132.0,69.37,0.897,9628260.0,8638077.0,125.33
28091.0,4076.0,18082.0,2021-06-20,139.69,4118721.0,59.76,4787269.0,69.46,0.899,9628260.0,8656159.0,125.59
28157.0,4085.0,24001.0,2021-06-21,139.69,4135231.0,60.0,4795585.0,69.58,0.902,9628260.0,8680160.0,125.94
25891.0,3756.0,10413.0,2021-06-22,139.85,4142425.0,60.1,4799195.0,69.63,0.902,9638840.0,8690573.0,126.09
27738.0,4024.0,13123.0,2021-06-23,140.14,4150849.0,60.22,4804562.0,69.71,0.901,9659030.0,8703696.0,126.28
18994.0,2756.0,17765.0,2021-06-24,140.2,4161157.0,60.37,4812795.0,69.83,0.903,9663570.0,8721461.0,126.54
18061.0,2620.0,16987.0,2021-06-25,140.78,4172198.0,60.53,4819034.0,69.92,0.901,9703020.0,8738448.0,126.78
17033.0,2471.0,18857.0,2021-06-26,141.03,4184415.0,60.71,4826462.0,70.02,0.901,9720330.0,8757305.0,127.06
17840.0,2588.0,23731.0,2021-06-27,141.03,4201264.0,60.95,4834207.0,70.14,0.903,9720330.0,8781036.0,127.4
19666.0,2853.0,36787.0,2021-06-28,141.03,4231495.0,61.39,4841548.0,70.24,0.907,9720330.0,8817823.0,127.93
19334.0,2805.0,8087.0,2021-06-29,141.36,4236614.0,61.47,4844943.0,70.29,0.906,9743580.0,8825910.0,128.05
19020.0,2760.0,10926.0,2021-06-30,141.38,4243952.0,61.57,4850685.0,70.38,0.907,9744840.0,8836836.0,128.21
19557.0,2837.0,21526.0,2021-07-01,141.44,4256952.0,61.76,4860438.0,70.52,0.909,9748600.0,8858362.0,128.52
19176.0,2782.0,14316.0,2021-07-02,141.55,4265826.0,61.89,4866222.0,70.6,0.909,9756320.0,8872678.0,128.73
18186.0,2639.0,11929.0,2021-07-03,141.59,4273059.0,62.0,4871647.0,70.68,0.91,9759160.0,8884607.0,128.9
16412.0,2381.0,11312.0,2021-07-04,141.59,4279772.0,62.09,4876852.0,70.76,0.912,9759160.0,8895919.0,129.07
12170.0,1766.0,8474.666666666666,2021-07-05,141.59,4283732.5,62.150000000000006,4880301.0,70.81,0.9125000000000001,9759160.0,8903015.0,129.17000000000002
12029.0,1745.0,5637.333333333333,2021-07-06,141.59,4287693.0,62.21,4883750.0,70.86,0.913,9759160.0,8910111.0,129.27
10868.0,1577.0,2800.0,2021-07-07,141.59,4289397.0,62.23,4885121.0,70.88,0.913,9759160.0,8912911.0,129.31
9428.0,1368.0,11447.0,2021-07-08,142.28,4296281.0,62.33,4890461.0,70.95,0.91,9806970.0,8924358.0,129.48
8933.0,1296.0,10850.0,2021-07-09,142.49,4302687.0,62.43,4895610.0,71.03,0.91,9820840.0,8935208.0,129.64
8685.0,1260.0,10192.0,2021-07-10,142.61,4308593.0,62.51,4900571.0,71.1,0.91,9829100.0,8945400.0,129.78
8595.0,1247.0,10683.0,2021-07-11,142.61,4314785.0,62.6,4905696.0,71.17,0.911,9829100.0,8956083.0,129.94
8824.0,1280.0,8703.0,2021-07-12,142.61,4319743.0,62.67,4910031.0,71.24,0.912,9829100.0,8964786.0,130.07
8721.0,1265.0,6375.0,2021-07-13,142.62,4323187.0,62.72,4913377.0,71.29,0.913,9830140.0,8971161.0,130.16
9419.0,1367.0,7683.0,2021-07-14,142.75,4327499.0,62.79,4917076.0,71.34,0.913,9838940.0,8978844.0,130.27
9324.0,1353.0,10785.0,2021-07-15,142.84,4333539.0,62.87,4922476.0,71.42,0.913,9845280.0,8989629.0,130.43
9338.0,1355.0,10942.0,2021-07-16,143.04,4339280.0,62.96,4928332.0,71.5,0.913,9859280.0,9000571.0,130.58
9265.0,1344.0,9683.0,2021-07-17,143.08,4344836.0,63.04,4933182.0,71.57,0.914,9861560.0,9010254.0,130.73
9031.0,1310.0,9044.0,2021-07-18,143.08,4349706.0,63.11,4937786.0,71.64,0.915,9861560.0,9019298.0,130.86
8931.0,1296.0,8007.0,2021-07-19,143.09,4354005.0,63.17,4941913.0,71.7,0.915,9862460.0,9027305.0,130.97
8778.0,1274.0,5302.0,2021-07-20,143.27,4357007.0,63.21,4945140.0,71.75,0.915,9875030.0,9032607.0,131.05
8808.0,1278.0,7894.0,2021-07-21,143.48,4360913.0,63.27,4949453.0,71.81,0.914,9889500.0,9040501.0,131.16
8805.0,1277.0,10765.0,2021-07-22,143.84,4366341.0,63.35,4955347.0,71.89,0.913,9914320.0,9051266.0,131.32
8619.0,1250.0,9640.0,2021-07-23,144.29,4371061.0,63.42,4960869.0,71.97,0.911,9944920.0,9060906.0,131.46
8635.0,1253.0,9792.0,2021-07-24,144.4,4375598.0,63.48,4966743.0,72.06,0.911,9952860.0,9070698.0,131.6
8757.0,1271.0,9901.0,2021-07-25,144.4,4380110.0,63.55,4972665.0,72.15,0.912,9952860.0,9080599.0,131.75
8841.0,1283.0,8596.0,2021-07-26,144.4,4383862.0,63.6,4977871.0,72.22,0.913,9952860.0,9089195.0,131.87
8934.0,1296.0,5948.0,2021-07-27,144.48,4386221.0,63.64,4981696.0,72.28,0.913,9958230.0,9095143.0,131.96
8883.0,1289.0,7539.0,2021-07-28,144.57,4389137.0,63.68,4986906.0,72.35,0.914,9964430.0,9102682.0,132.07
8853.0,1284.0,10557.0,2021-07-29,144.88,4393827.0,63.75,4993363.0,72.45,0.913,9986060.0,9113239.0,132.22
10295.0,1494.0,19735.0,2021-07-30,145.11,4402108.0,63.87,5000631.0,72.55,0.913,10001900.0,9132974.0,132.51
10373.0,1505.0,10334.0,2021-07-31,145.25,4406452.0,63.93,5007226.0,72.65,0.913,10011300.0,9143308.0,132.66
10435.0,1514.0,10334.0,2021-08-01,145.25,4410963.0,64.0,5013817.0,72.74,0.914,10011300.0,9153642.0,132.81
10500.0,1523.0,9055.0,2021-08-02,145.25,4414729.0,64.05,5019695.0,72.83,0.915,10011300.0,9162697.0,132.94
10536.0,1529.0,6197.0,2021-08-03,145.34,4417348.0,64.09,5023643.0,72.89,0.915,10017860.0,9168894.0,133.03
10686.0,1550.0,8587.0,2021-08-04,145.54,4420802.0,64.14,5029478.0,72.97,0.915,10031010.0,9177481.0,133.15
10813.0,1569.0,11446.0,2021-08-05,145.8,4425475.0,64.21,5037007.0,73.08,0.914,10049120.0,9188927.0,133.32
9516.0,1381.0,10658.0,2021-08-06,146.01,4429815.0,64.27,5044012.0,73.18,0.914,10064030.0,9199585.0,133.47
9577.0,1389.0,10759.0,2021-08-07,146.65,4433946.0,64.33,5051432.0,73.29,0.911,10107570.0,9210344.0,133.63
9515.0,1380.0,9906.0,2021-08-08,146.65,4437783.0,64.39,5058110.0,73.39,0.912,10107570.0,9220250.0,133.77
9459.0,1372.0,8663.0,2021-08-09,146.65,4441091.0,64.43,5063922.0,73.47,0.913,10107570.0,9228913.0,133.9
9539.0,1384.0,6751.0,2021-08-10,146.84,4443878.0,64.47,5068455.0,73.54,0.913,10120720.0,9235664.0,134.0
9477.0,1375.0,8159.0,2021-08-11,147.13,4447391.0,64.53,5073659.0,73.61,0.912,10141180.0,9243823.0,134.11
9224.0,1338.0,9670.0,2021-08-12,147.38,4451811.0,64.59,5079510.0,73.7,0.911,10158510.0,9253493.0,134.25
9330.0,1354.0,11402.0,2021-08-13,147.5,4456692.0,64.66,5086700.0,73.8,0.911,10166560.0,9264895.0,134.42
9650.0,1400.0,12997.0,2021-08-14,147.6,4462455.0,64.74,5094960.0,73.92,0.912,10173240.0,9277892.0,134.61
8240.0,1196.0,36.0,2021-08-15,147.6,4462638.0,64.75,5095245.0,73.92,0.912,10173240.0,9277928.0,134.61
9711.0,1409.0,18960.0,2021-08-16,147.6,4471245.0,64.87,5106148.0,74.08,0.914,10173240.0,9296888.0,134.88
9835.0,1427.0,7623.0,2021-08-17,147.89,4473466.0,64.9,5110059.0,74.14,0.913,10193310.0,9304511.0,134.99
10041.0,1457.0,9599.0,2021-08-18,148.2,4477428.0,64.96,5115413.0,74.22,0.912,10214800.0,9314110.0,135.13
10559.0,1532.0,13299.0,2021-08-19,148.75,4483417.0,65.05,5122089.0,74.31,0.91,10252340.0,9327409.0,135.33
10849.0,1574.0,13427.0,2021-08-20,149.36,4489020.0,65.13,5128892.0,74.41,0.907,10294740.0,9340836.0,135.52
10966.0,1591.0,13821.0,2021-08-21,149.72,4494883.0,65.21,5135462.0,74.51,0.906,10319790.0,9354657.0,135.72
12809.0,1858.0,12936.0,2021-08-22,149.72,4500056.0,65.29,5141970.0,74.6,0.908,10319790.0,9367593.0,135.91
11703.0,1698.0,11213.0,2021-08-23,149.72,4504641.0,65.36,5147177.0,74.68,0.909,10319390.0,9378806.0,136.07
11668.0,1693.0,7383.0,2021-08-24,149.72,4507841.0,65.4,5150705.0,74.73,0.91,10319390.0,9386189.0,136.18
11643.0,1689.0,9419.0,2021-08-25,149.86,4512471.0,65.47,5155281.0,74.8,0.91,10329150.0,9395608.0,136.32
11770.0,1708.0,14188.0,2021-08-26,150.78,4518695.0,65.56,5162101.0,74.89,0.905,10392720.0,9409796.0,136.52
11814.0,1714.0,13735.0,2021-08-27,151.09,4524536.0,65.64,5169064.0,75.0,0.905,10413560.0,9423531.0,136.72
11897.0,1726.0,14407.0,2021-08-28,151.47,4530728.0,65.73,5175924.0,75.09,0.904,10439830.0,9437938.0,136.93
11616.0,1685.0,10968.0,2021-08-29,151.53,4535474.0,65.8,5180824.0,75.17,0.905,10443890.0,9448906.0,137.09
11966.0,1736.0,13660.0,2021-08-30,151.53,4541859.0,65.9,5187189.0,75.26,0.906,10443890.0,9462566.0,137.29
12279.0,1782.0,9574.0,2021-08-31,151.79,4546662.0,65.97,5191538.0,75.32,0.905,10462360.0,9472140.0,137.43
12636.0,1833.0,11919.0,2021-09-01,152.29,4552073.0,66.04,5197364.0,75.41,0.904,10496790.0,9484059.0,137.6
12625.0,1832.0,14109.0,2021-09-02,152.74,4558121.0,66.13,5203995.0,75.5,0.902,10527670.0,9498168.0,137.8
12806.0,1858.0,15007.0,2021-09-03,153.02,4564718.0,66.23,5211421.0,75.61,0.902,10547090.0,9513175.0,138.02
12769.0,1853.0,14143.0,2021-09-04,153.49,4569846.0,66.3,5218847.0,75.72,0.901,10579470.0,9527318.0,138.23
